<Anims>
 <anim name="appear" root="skfxornateplate_glitter" numframes="450" framerate="40">
  <frame idx="0" w="65" h="326" x="-6.148930" y="-275.238525">
   <element name="starbase" layername="timeline_0" frame="0" z_index="9" m_a="0.078347" m_b="-0.050222" m_c="0.050358" m_d="0.078559" m_tx="-0.399000" m_ty="-247.449005"/>
   <element name="starbase" layername="timeline_1" frame="0" z_index="10" m_a="0.118042" m_b="0.000000" m_c="0.000000" m_d="0.118042" m_tx="-0.399000" m_ty="-247.199005"/>
   <element name="base" layername="timeline_2" frame="0" z_index="11" m_a="0.120895" m_b="0.000000" m_c="0.000000" m_d="0.120895" m_tx="-0.649000" m_ty="-247.449005"/>
   <element name="shdw" layername="timeline_3" frame="0" z_index="12" m_a="0.547943" m_b="0.000000" m_c="0.000000" m_d="0.600006" m_tx="-0.149000" m_ty="3.400000"/>
  </frame>
  <frame idx="25" w="68" h="329" x="-6.648921" y="-275.302368">
   <element name="starbase" layername="timeline_0" frame="0" z_index="9" m_a="0.092626" m_b="-0.046746" m_c="0.046923" m_d="0.092975" m_tx="-0.362235" m_ty="-247.485764"/>
   <element name="starbase" layername="timeline_1" frame="0" z_index="10" m_a="0.128039" m_b="0.000000" m_c="0.000000" m_d="0.128039" m_tx="-0.399000" m_ty="-247.162231"/>
   <element name="base" layername="timeline_2" frame="0" z_index="11" m_a="0.135795" m_b="0.000000" m_c="0.000000" m_d="0.135795" m_tx="-0.649000" m_ty="-247.449005"/>
   <element name="shdw" layername="timeline_3" frame="0" z_index="12" m_a="0.565165" m_b="0.000000" m_c="0.000000" m_d="0.616005" m_tx="-0.149000" m_ty="3.400000"/>
  </frame>
  <frame idx="50" w="72" h="336" x="-6.648901" y="-275.879944">
   <element name="starbase" layername="timeline_0" frame="0" z_index="9" m_a="0.120421" m_b="-0.045675" m_c="0.045895" m_d="0.121001" m_tx="-0.300515" m_ty="-247.498993"/>
   <element name="starbase" layername="timeline_1" frame="0" z_index="10" m_a="0.154246" m_b="0.000000" m_c="0.000000" m_d="0.154246" m_tx="-0.326273" m_ty="-247.124756"/>
   <element name="base" layername="timeline_2" frame="0" z_index="11" m_a="0.169886" m_b="0.000000" m_c="0.000000" m_d="0.169886" m_tx="-0.649000" m_ty="-247.449005"/>
   <element name="shdw" layername="timeline_3" frame="0" z_index="12" m_a="0.605463" m_b="0.000000" m_c="0.000000" m_d="0.653437" m_tx="-0.173242" m_ty="3.400000"/>
  </frame>
  <frame idx="75" w="80" h="350" x="-7.648870" y="-277.489258">
   <element name="starbase" layername="timeline_0" frame="0" z_index="9" m_a="0.163455" m_b="-0.042845" m_c="0.043085" m_d="0.164370" m_tx="-0.200515" m_ty="-247.511108"/>
   <element name="starbase" layername="timeline_1" frame="0" z_index="10" m_a="0.196608" m_b="0.000000" m_c="0.000000" m_d="0.196608" m_tx="-0.200515" m_ty="-247.062637"/>
   <element name="base" layername="timeline_2" frame="0" z_index="11" m_a="0.224475" m_b="0.000000" m_c="0.000000" m_d="0.224475" m_tx="-0.649000" m_ty="-247.449005"/>
   <element name="shdw" layername="timeline_3" frame="0" z_index="12" m_a="0.670098" m_b="0.000000" m_c="0.000000" m_d="0.713470" m_tx="-0.186879" m_ty="3.400000"/>
  </frame>
  <frame idx="100" w="90" h="368" x="-8.148827" y="-279.147278">
   <element name="starbase" layername="timeline_0" frame="0" z_index="9" m_a="0.221681" m_b="-0.033499" m_c="0.033704" m_d="0.223037" m_tx="-0.049000" m_ty="-247.548996"/>
   <element name="starbase" layername="timeline_1" frame="0" z_index="10" m_a="0.253922" m_b="0.000000" m_c="0.000000" m_d="0.253922" m_tx="-0.049000" m_ty="-246.949005"/>
   <element name="base" layername="timeline_2" frame="0" z_index="11" m_a="0.299683" m_b="0.000000" m_c="0.000000" m_d="0.299683" m_tx="-0.649000" m_ty="-247.449005"/>
   <element name="shdw" layername="timeline_3" frame="0" z_index="12" m_a="0.758865" m_b="0.000000" m_c="0.000000" m_d="0.795914" m_tx="-0.149000" m_ty="3.400000"/>
  </frame>
  <frame idx="125" w="104" h="392" x="-9.685532" y="-281.365570">
   <element name="starbase" layername="timeline_0" frame="0" z_index="9" m_a="0.298954" m_b="-0.013965" m_c="0.014055" m_d="0.300862" m_tx="0.097324" m_ty="-247.622528"/>
   <element name="starbase" layername="timeline_1" frame="0" z_index="10" m_a="0.327960" m_b="0.000000" m_c="0.000000" m_d="0.327960" m_tx="0.097324" m_ty="-246.765182"/>
   <element name="base" layername="timeline_2" frame="0" z_index="11" m_a="0.402893" m_b="0.000000" m_c="0.000000" m_d="0.402893" m_tx="-0.685765" m_ty="-247.485764"/>
   <element name="shdw" layername="timeline_3" frame="0" z_index="12" m_a="0.879489" m_b="0.000000" m_c="0.000000" m_d="0.907965" m_tx="-0.149000" m_ty="3.400000"/>
  </frame>
  <frame idx="150" w="123" h="421" x="-11.150208" y="-284.057678">
   <element name="starbase" layername="timeline_0" frame="0" z_index="9" m_a="0.389199" m_b="0.022232" m_c="-0.022373" m_d="0.391664" m_tx="0.343939" m_ty="-247.673248"/>
   <element name="starbase" layername="timeline_1" frame="0" z_index="10" m_a="0.413607" m_b="0.000000" m_c="0.000000" m_d="0.413607" m_tx="0.343939" m_ty="-246.577789"/>
   <element name="base" layername="timeline_2" frame="0" z_index="11" m_a="0.528516" m_b="0.000000" m_c="0.000000" m_d="0.528516" m_tx="-0.650515" m_ty="-247.523239"/>
   <element name="shdw" layername="timeline_3" frame="0" z_index="12" m_a="1.025185" m_b="0.000000" m_c="0.000000" m_d="1.043298" m_tx="-0.149000" m_ty="3.424242"/>
  </frame>
  <frame idx="175" w="158" h="455" x="-14.098607" y="-286.729126">
   <element name="starbase" layername="timeline_0" frame="0" z_index="9" m_a="0.489677" m_b="0.079932" m_c="-0.080415" m_d="0.492638" m_tx="0.646970" m_ty="-247.723251"/>
   <element name="starbase" layername="timeline_1" frame="0" z_index="10" m_a="0.509913" m_b="0.000000" m_c="0.000000" m_d="0.509913" m_tx="0.646970" m_ty="-246.364151"/>
   <element name="base" layername="timeline_2" frame="0" z_index="11" m_a="0.677226" m_b="0.000000" m_c="0.000000" m_d="0.677226" m_tx="-0.599000" m_ty="-247.548996"/>
   <element name="shdw" layername="timeline_3" frame="0" z_index="12" m_a="1.196349" m_b="0.000000" m_c="0.000000" m_d="1.202278" m_tx="-0.161121" m_ty="3.450000"/>
  </frame>
  <frame idx="200" w="196" h="495" x="-17.098509" y="-290.385284">
   <element name="starbase" layername="timeline_0" frame="0" z_index="9" m_a="0.595435" m_b="0.163608" m_c="-0.164521" m_d="0.598758" m_tx="0.950000" m_ty="-247.798996"/>
   <element name="starbase" layername="timeline_1" frame="0" z_index="10" m_a="0.614990" m_b="0.000000" m_c="0.000000" m_d="0.614990" m_tx="0.950000" m_ty="-246.098999"/>
   <element name="base" layername="timeline_2" frame="0" z_index="11" m_a="0.848206" m_b="0.000000" m_c="0.000000" m_d="0.848206" m_tx="-0.599000" m_ty="-247.548996"/>
   <element name="shdw" layername="timeline_3" frame="0" z_index="12" m_a="1.391660" m_b="0.000000" m_c="0.000000" m_d="1.383680" m_tx="-0.199000" m_ty="3.450000"/>
  </frame>
  <frame idx="225" w="242" h="540" x="-21.098392" y="-293.992249">
   <element name="starbase" layername="timeline_0" frame="0" z_index="9" m_a="0.705271" m_b="0.274484" m_c="-0.275772" m_d="0.708581" m_tx="1.317647" m_ty="-247.872528"/>
   <element name="starbase" layername="timeline_1" frame="0" z_index="10" m_a="0.726536" m_b="0.000000" m_c="0.000000" m_d="0.726536" m_tx="1.317647" m_ty="-245.804886"/>
   <element name="base" layername="timeline_2" frame="0" z_index="11" m_a="1.046657" m_b="0.000000" m_c="0.000000" m_d="1.046657" m_tx="-0.599000" m_ty="-247.659302"/>
   <element name="shdw" layername="timeline_3" frame="0" z_index="12" m_a="1.615682" m_b="0.000000" m_c="0.000000" m_d="1.591761" m_tx="-0.162235" m_ty="3.413235"/>
  </frame>
  <frame idx="250" w="255" h="554" x="-22.122602" y="-295.358032">
   <element name="starbase" layername="timeline_0" frame="0" z_index="9" m_a="0.704768" m_b="0.363302" m_c="-0.364659" m_d="0.707400" m_tx="1.353030" m_ty="-247.923248"/>
   <element name="starbase" layername="timeline_1" frame="0" z_index="10" m_a="0.735983" m_b="0.000000" m_c="0.000000" m_d="0.735983" m_tx="1.401515" m_ty="-245.699005"/>
   <element name="base" layername="timeline_2" frame="0" z_index="11" m_a="1.103016" m_b="0.000000" m_c="0.000000" m_d="1.103016" m_tx="-0.623242" m_ty="-247.674759"/>
   <element name="shdw" layername="timeline_3" frame="0" z_index="12" m_a="1.653203" m_b="0.000000" m_c="0.000000" m_d="1.666655" m_tx="-0.149000" m_ty="3.400000"/>
  </frame>
  <frame idx="275" w="250" h="548" x="-21.636251" y="-294.615479">
   <element name="starbase" layername="timeline_0" frame="0" z_index="9" m_a="0.645537" m_b="0.424428" m_c="-0.425510" m_d="0.647181" m_tx="1.262121" m_ty="-247.949005"/>
   <element name="starbase" layername="timeline_1" frame="0" z_index="10" m_a="0.689737" m_b="0.000000" m_c="0.000000" m_d="0.689737" m_tx="1.337879" m_ty="-245.723251"/>
   <element name="base" layername="timeline_2" frame="0" z_index="11" m_a="1.081094" m_b="0.000000" m_c="0.000000" m_d="1.081094" m_tx="-0.636879" m_ty="-247.649002"/>
   <element name="shdw" layername="timeline_3" frame="0" z_index="12" m_a="1.589734" m_b="0.000000" m_c="0.000000" m_d="1.666640" m_tx="-0.149000" m_ty="3.400000"/>
  </frame>
  <frame idx="300" w="247" h="543" x="-21.598383" y="-293.855591">
   <element name="starbase" layername="timeline_0" frame="0" z_index="9" m_a="0.584311" m_b="0.479208" m_c="-0.479811" m_d="0.585047" m_tx="1.300000" m_ty="-247.949005"/>
   <element name="starbase" layername="timeline_1" frame="0" z_index="10" m_a="0.647186" m_b="0.000000" m_c="0.000000" m_d="0.647186" m_tx="1.300000" m_ty="-245.798996"/>
   <element name="base" layername="timeline_2" frame="0" z_index="11" m_a="1.062670" m_b="0.000000" m_c="0.000000" m_d="1.062670" m_tx="-0.599000" m_ty="-247.649002"/>
   <element name="shdw" layername="timeline_3" frame="0" z_index="12" m_a="1.534590" m_b="0.000000" m_c="0.000000" m_d="1.666640" m_tx="-0.149000" m_ty="3.400000"/>
  </frame>
  <frame idx="325" w="242" h="538" x="-21.135160" y="-293.251862">
   <element name="starbase" layername="timeline_0" frame="0" z_index="9" m_a="0.561710" m_b="0.485449" m_c="-0.485904" m_d="0.562236" m_tx="1.226471" m_ty="-247.912231"/>
   <element name="starbase" layername="timeline_1" frame="0" z_index="10" m_a="0.635462" m_b="0.000000" m_c="0.000000" m_d="0.635462" m_tx="1.226471" m_ty="-245.835770"/>
   <element name="base" layername="timeline_2" frame="0" z_index="11" m_a="1.043413" m_b="0.000000" m_c="0.000000" m_d="1.043413" m_tx="-0.635765" m_ty="-247.649002"/>
   <element name="shdw" layername="timeline_3" frame="0" z_index="12" m_a="1.492965" m_b="0.000000" m_c="0.000000" m_d="1.666640" m_tx="-0.149000" m_ty="3.400000"/>
  </frame>
  <frame idx="350" w="245" h="534" x="-27.415798" y="-292.503387">
   <element name="starbase" layername="timeline_0" frame="0" z_index="9" m_a="0.502627" m_b="0.530954" m_c="-0.530778" m_d="0.502460" m_tx="1.200000" m_ty="-247.899002"/>
   <element name="starbase" layername="timeline_1" frame="0" z_index="10" m_a="0.641761" m_b="0.000000" m_c="0.000000" m_d="0.641761" m_tx="1.200000" m_ty="-245.824753"/>
   <element name="base" layername="timeline_2" frame="0" z_index="11" m_a="1.027229" m_b="0.000000" m_c="0.000000" m_d="1.027229" m_tx="-0.649000" m_ty="-247.649002"/>
   <element name="shdw" layername="timeline_3" frame="0" z_index="12" m_a="1.458363" m_b="0.000000" m_c="0.000000" m_d="1.666640" m_tx="-0.149000" m_ty="3.400000"/>
  </frame>
  <frame idx="375" w="255" h="531" x="-39.099915" y="-292.166992">
   <element name="starbase" layername="timeline_0" frame="0" z_index="9" m_a="0.417512" m_b="0.589714" m_c="-0.588477" m_d="0.416636" m_tx="1.187879" m_ty="-247.886887"/>
   <element name="starbase" layername="timeline_1" frame="0" z_index="10" m_a="0.659128" m_b="0.000000" m_c="0.000000" m_d="0.659128" m_tx="1.187879" m_ty="-245.823242"/>
   <element name="base" layername="timeline_2" frame="0" z_index="11" m_a="1.014399" m_b="0.000000" m_c="0.000000" m_d="1.014399" m_tx="-0.649000" m_ty="-247.649002"/>
   <element name="shdw" layername="timeline_3" frame="0" z_index="12" m_a="1.431641" m_b="0.000000" m_c="0.000000" m_d="1.666640" m_tx="-0.136879" m_ty="3.400000"/>
  </frame>
  <frame idx="400" w="266" h="528" x="-50.313377" y="-291.648438">
   <element name="starbase" layername="timeline_0" frame="0" z_index="9" m_a="0.327473" m_b="0.638261" m_c="-0.635868" m_d="0.326245" m_tx="1.150000" m_ty="-247.848999"/>
   <element name="starbase" layername="timeline_1" frame="0" z_index="10" m_a="0.678467" m_b="0.000000" m_c="0.000000" m_d="0.678467" m_tx="1.150000" m_ty="-245.899002"/>
   <element name="base" layername="timeline_2" frame="0" z_index="11" m_a="1.005020" m_b="0.000000" m_c="0.000000" m_d="1.005020" m_tx="-0.649000" m_ty="-247.649002"/>
   <element name="shdw" layername="timeline_3" frame="0" z_index="12" m_a="1.413270" m_b="0.000000" m_c="0.000000" m_d="1.666640" m_tx="-0.099000" m_ty="3.400000"/>
  </frame>
  <frame idx="425" w="275" h="528" x="-60.246227" y="-291.648438">
   <element name="starbase" layername="timeline_0" frame="0" z_index="9" m_a="0.235933" m_b="0.676222" m_c="-0.672871" m_d="0.234764" m_tx="1.150000" m_ty="-247.848999"/>
   <element name="starbase" layername="timeline_1" frame="0" z_index="10" m_a="0.700592" m_b="0.000000" m_c="0.000000" m_d="0.700592" m_tx="1.186765" m_ty="-245.899002"/>
   <element name="base" layername="timeline_2" frame="0" z_index="11" m_a="1.000857" m_b="0.000000" m_c="0.000000" m_d="1.000857" m_tx="-0.612235" m_ty="-247.649002"/>
   <element name="shdw" layername="timeline_3" frame="0" z_index="12" m_a="1.407314" m_b="0.000000" m_c="0.000000" m_d="1.666662" m_tx="-0.135765" m_ty="3.400000"/>
  </frame>
 </anim>
 <anim name="disappear" root="skfxornateplate_glitter" numframes="425" framerate="40">
  <frame idx="0" w="231" h="528" x="-20.098419" y="-292.203857">
   <element name="starbase" layername="timeline_0" frame="0" z_index="9" m_a="0.534104" m_b="0.470330" m_c="-0.470714" m_d="0.534541" m_tx="1.200000" m_ty="-247.899002"/>
   <element name="starbase" layername="timeline_1" frame="0" z_index="10" m_a="0.609024" m_b="0.000000" m_c="0.000000" m_d="0.609024" m_tx="1.200000" m_ty="-245.899002"/>
   <element name="base" layername="timeline_2" frame="0" z_index="11" m_a="1.000000" m_b="0.000000" m_c="0.000000" m_d="1.000000" m_tx="-0.599000" m_ty="-247.649002"/>
   <element name="shdw" layername="timeline_3" frame="0" z_index="12" m_a="1.405170" m_b="0.000000" m_c="0.000000" m_d="1.666670" m_tx="-0.149000" m_ty="3.400000"/>
  </frame>
  <frame idx="25" w="244" h="530" x="-30.778187" y="-292.395264">
   <element name="starbase" layername="timeline_0" frame="0" z_index="9" m_a="0.466305" m_b="0.541316" m_c="-0.540801" m_d="0.465861" m_tx="1.200000" m_ty="-247.899002"/>
   <element name="starbase" layername="timeline_1" frame="0" z_index="10" m_a="0.635525" m_b="0.000000" m_c="0.000000" m_d="0.635525" m_tx="1.200000" m_ty="-245.862228"/>
   <element name="base" layername="timeline_2" frame="0" z_index="11" m_a="1.003757" m_b="0.000000" m_c="0.000000" m_d="1.003757" m_tx="-0.599000" m_ty="-247.649002"/>
   <element name="shdw" layername="timeline_3" frame="0" z_index="12" m_a="1.413729" m_b="0.000000" m_c="0.000000" m_d="1.666648" m_tx="-0.149000" m_ty="3.400000"/>
  </frame>
  <frame idx="50" w="258" h="531" x="-42.413475" y="-292.148438">
   <element name="starbase" layername="timeline_0" frame="0" z_index="9" m_a="0.389844" m_b="0.607379" m_c="-0.605773" m_d="0.388813" m_tx="1.224242" m_ty="-247.874756"/>
   <element name="starbase" layername="timeline_1" frame="0" z_index="10" m_a="0.666298" m_b="0.000000" m_c="0.000000" m_d="0.666298" m_tx="1.224242" m_ty="-245.848999"/>
   <element name="base" layername="timeline_2" frame="0" z_index="11" m_a="1.012538" m_b="0.000000" m_c="0.000000" m_d="1.012538" m_tx="-0.599000" m_ty="-247.649002"/>
   <element name="shdw" layername="timeline_3" frame="0" z_index="12" m_a="1.433746" m_b="0.000000" m_c="0.000000" m_d="1.666640" m_tx="-0.149000" m_ty="3.400000"/>
  </frame>
  <frame idx="75" w="275" h="534" x="-54.633003" y="-292.148438">
   <element name="starbase" layername="timeline_0" frame="0" z_index="9" m_a="0.304687" m_b="0.667102" m_c="-0.664332" m_d="0.303421" m_tx="1.250000" m_ty="-247.848999"/>
   <element name="starbase" layername="timeline_1" frame="0" z_index="10" m_a="0.701624" m_b="0.000000" m_c="0.000000" m_d="0.701624" m_tx="1.262121" m_ty="-245.848999"/>
   <element name="base" layername="timeline_2" frame="0" z_index="11" m_a="1.026597" m_b="0.000000" m_c="0.000000" m_d="1.026597" m_tx="-0.599000" m_ty="-247.649002"/>
   <element name="shdw" layername="timeline_3" frame="0" z_index="12" m_a="1.465861" m_b="0.000000" m_c="0.000000" m_d="1.666640" m_tx="-0.149000" m_ty="3.400000"/>
  </frame>
  <frame idx="100" w="292" h="538" x="-66.797806" y="-292.648407">
   <element name="starbase" layername="timeline_0" frame="0" z_index="9" m_a="0.211259" m_b="0.718676" m_c="-0.714808" m_d="0.210122" m_tx="1.250000" m_ty="-247.848999"/>
   <element name="starbase" layername="timeline_1" frame="0" z_index="10" m_a="0.741516" m_b="0.000000" m_c="0.000000" m_d="0.741516" m_tx="1.300000" m_ty="-245.848999"/>
   <element name="base" layername="timeline_2" frame="0" z_index="11" m_a="1.045870" m_b="0.000000" m_c="0.000000" m_d="1.045870" m_tx="-0.599000" m_ty="-247.649002"/>
   <element name="shdw" layername="timeline_3" frame="0" z_index="12" m_a="1.509990" m_b="0.000000" m_c="0.000000" m_d="1.666640" m_tx="-0.149000" m_ty="3.400000"/>
  </frame>
  <frame idx="125" w="310" h="544" x="-78.564865" y="-293.148376">
   <element name="starbase" layername="timeline_0" frame="0" z_index="9" m_a="0.112876" m_b="0.761674" m_c="-0.757060" m_d="0.112192" m_tx="1.323529" m_ty="-247.922531"/>
   <element name="starbase" layername="timeline_1" frame="0" z_index="10" m_a="0.787528" m_b="0.000000" m_c="0.000000" m_d="0.787528" m_tx="1.336765" m_ty="-245.775467"/>
   <element name="base" layername="timeline_2" frame="0" z_index="11" m_a="1.071929" m_b="0.000000" m_c="0.000000" m_d="1.071929" m_tx="-0.599000" m_ty="-247.649002"/>
   <element name="shdw" layername="timeline_3" frame="0" z_index="12" m_a="1.569916" m_b="0.000000" m_c="0.000000" m_d="1.666640" m_tx="-0.149000" m_ty="3.400000"/>
  </frame>
  <frame idx="150" w="329" h="551" x="-90.166168" y="-293.718750">
   <element name="starbase" layername="timeline_0" frame="0" z_index="9" m_a="0.005696" m_b="0.794756" m_c="-0.789750" m_d="0.005661" m_tx="1.398485" m_ty="-247.949005"/>
   <element name="starbase" layername="timeline_1" frame="0" z_index="10" m_a="0.839752" m_b="0.000000" m_c="0.000000" m_d="0.839752" m_tx="1.398485" m_ty="-245.724762"/>
   <element name="base" layername="timeline_2" frame="0" z_index="11" m_a="1.103254" m_b="0.000000" m_c="0.000000" m_d="1.103254" m_tx="-0.599000" m_ty="-247.673248"/>
   <element name="shdw" layername="timeline_3" frame="0" z_index="12" m_a="1.642321" m_b="0.000000" m_c="0.000000" m_d="1.666655" m_tx="-0.149000" m_ty="3.400000"/>
  </frame>
  <frame idx="175" w="323" h="540" x="-93.880524" y="-292.758850">
   <element name="starbase" layername="timeline_0" frame="0" z_index="9" m_a="-0.101653" m_b="0.752874" m_c="-0.748251" m_d="-0.101029" m_tx="1.316667" m_ty="-247.912643"/>
   <element name="starbase" layername="timeline_1" frame="0" z_index="10" m_a="0.826652" m_b="0.000000" m_c="0.000000" m_d="0.826652" m_tx="1.316667" m_ty="-245.795975"/>
   <element name="base" layername="timeline_2" frame="0" z_index="11" m_a="1.051878" m_b="0.000000" m_c="0.000000" m_d="1.051878" m_tx="-0.599000" m_ty="-247.674759"/>
   <element name="shdw" layername="timeline_3" frame="0" z_index="12" m_a="1.611263" m_b="0.000000" m_c="0.000000" m_d="1.587649" m_tx="-0.136879" m_ty="3.400000"/>
  </frame>
  <frame idx="200" w="257" h="487" x="-78.252754" y="-288.683533">
   <element name="starbase" layername="timeline_0" frame="0" z_index="9" m_a="-0.162226" m_b="0.570180" m_c="-0.567087" m_d="-0.161346" m_tx="0.900000" m_ty="-247.798996"/>
   <element name="starbase" layername="timeline_1" frame="0" z_index="10" m_a="0.667313" m_b="0.000000" m_c="0.000000" m_d="0.667313" m_tx="0.900000" m_ty="-246.098999"/>
   <element name="base" layername="timeline_2" frame="0" z_index="11" m_a="0.818466" m_b="0.000000" m_c="0.000000" m_d="0.818466" m_tx="-0.599000" m_ty="-247.598999"/>
   <element name="shdw" layername="timeline_3" frame="0" z_index="12" m_a="1.345430" m_b="0.000000" m_c="0.000000" m_d="1.340710" m_tx="-0.099000" m_ty="3.400000"/>
  </frame>
  <frame idx="225" w="202" h="443" x="-63.749977" y="-284.694031">
   <element name="starbase" layername="timeline_0" frame="0" z_index="9" m_a="-0.185838" m_b="0.421167" m_c="-0.419324" m_d="-0.185024" m_tx="0.495588" m_ty="-247.725479"/>
   <element name="starbase" layername="timeline_1" frame="0" z_index="10" m_a="0.532384" m_b="0.000000" m_c="0.000000" m_d="0.532384" m_tx="0.495588" m_ty="-246.429886"/>
   <element name="base" layername="timeline_2" frame="0" z_index="11" m_a="0.633902" m_b="0.000000" m_c="0.000000" m_d="0.633902" m_tx="-0.635765" m_ty="-247.562225"/>
   <element name="shdw" layername="timeline_3" frame="0" z_index="12" m_a="1.134342" m_b="0.000000" m_c="0.000000" m_d="1.144673" m_tx="-0.135765" m_ty="3.400000"/>
  </frame>
  <frame idx="250" w="155" h="406" x="-49.353397" y="-281.669067">
   <element name="starbase" layername="timeline_0" frame="0" z_index="9" m_a="-0.182058" m_b="0.292815" m_c="-0.291930" m_d="-0.181507" m_tx="0.228788" m_ty="-247.650513"/>
   <element name="starbase" layername="timeline_1" frame="0" z_index="10" m_a="0.410450" m_b="0.000000" m_c="0.000000" m_d="0.410450" m_tx="0.204545" m_ty="-246.694458"/>
   <element name="base" layername="timeline_2" frame="0" z_index="11" m_a="0.473272" m_b="0.000000" m_c="0.000000" m_d="0.473272" m_tx="-0.649000" m_ty="-247.524750"/>
   <element name="shdw" layername="timeline_3" frame="0" z_index="12" m_a="0.950077" m_b="0.000000" m_c="0.000000" m_d="0.973520" m_tx="-0.124758" m_ty="3.375758"/>
  </frame>
  <frame idx="275" w="125" h="376" x="-37.179760" y="-279.121613">
   <element name="starbase" layername="timeline_0" frame="0" z_index="9" m_a="-0.159746" m_b="0.190349" m_c="-0.190100" m_d="-0.159537" m_tx="0.027515" m_ty="-247.574753"/>
   <element name="starbase" layername="timeline_1" frame="0" z_index="10" m_a="0.304964" m_b="0.000000" m_c="0.000000" m_d="0.304964" m_tx="-0.010364" m_ty="-246.897476"/>
   <element name="base" layername="timeline_2" frame="0" z_index="11" m_a="0.339759" m_b="0.000000" m_c="0.000000" m_d="0.339759" m_tx="-0.649000" m_ty="-247.486877"/>
   <element name="shdw" layername="timeline_3" frame="0" z_index="12" m_a="0.796374" m_b="0.000000" m_c="0.000000" m_d="0.830739" m_tx="-0.111121" m_ty="3.362121"/>
  </frame>
  <frame idx="300" w="103" h="352" x="-27.642162" y="-277.068787">
   <element name="starbase" layername="timeline_0" frame="0" z_index="9" m_a="-0.128728" m_b="0.115392" m_c="-0.115475" m_d="-0.128821" m_tx="-0.199000" m_ty="-247.498993"/>
   <element name="starbase" layername="timeline_1" frame="0" z_index="10" m_a="0.218903" m_b="0.000000" m_c="0.000000" m_d="0.218903" m_tx="-0.199000" m_ty="-247.048996"/>
   <element name="base" layername="timeline_2" frame="0" z_index="11" m_a="0.235260" m_b="0.000000" m_c="0.000000" m_d="0.235260" m_tx="-0.649000" m_ty="-247.449005"/>
   <element name="shdw" layername="timeline_3" frame="0" z_index="12" m_a="0.675552" m_b="0.000000" m_c="0.000000" m_d="0.718506" m_tx="-0.149000" m_ty="3.400000"/>
  </frame>
  <frame idx="325" w="88" h="338" x="-21.189848" y="-276.019257">
   <element name="starbase" layername="timeline_0" frame="0" z_index="9" m_a="-0.106880" m_b="0.072050" m_c="-0.072203" m_d="-0.107106" m_tx="-0.309294" m_ty="-247.498993"/>
   <element name="starbase" layername="timeline_1" frame="0" z_index="10" m_a="0.167079" m_b="0.000000" m_c="0.000000" m_d="0.167079" m_tx="-0.309294" m_ty="-247.122528"/>
   <element name="base" layername="timeline_2" frame="0" z_index="11" m_a="0.174640" m_b="0.000000" m_c="0.000000" m_d="0.174640" m_tx="-0.649000" m_ty="-247.449005"/>
   <element name="shdw" layername="timeline_3" frame="0" z_index="12" m_a="0.605182" m_b="0.000000" m_c="0.000000" m_d="0.653151" m_tx="-0.149000" m_ty="3.400000"/>
  </frame>
  <frame idx="350" w="80" h="329" x="-17.597347" y="-275.000488">
   <element name="starbase" layername="timeline_0" frame="0" z_index="9" m_a="-0.093023" m_b="0.045254" m_c="-0.045424" m_d="-0.093373" m_tx="-0.373242" m_ty="-247.474762"/>
   <element name="starbase" layername="timeline_1" frame="0" z_index="10" m_a="0.137820" m_b="0.000000" m_c="0.000000" m_d="0.137820" m_tx="-0.373242" m_ty="-247.173248"/>
   <element name="base" layername="timeline_2" frame="0" z_index="11" m_a="0.139264" m_b="0.000000" m_c="0.000000" m_d="0.139264" m_tx="-0.649000" m_ty="-247.449005"/>
   <element name="shdw" layername="timeline_3" frame="0" z_index="12" m_a="0.564379" m_b="0.000000" m_c="0.000000" m_d="0.615263" m_tx="-0.149000" m_ty="3.400000"/>
  </frame>
  <frame idx="375" w="76" h="326" x="-15.686772" y="-274.999512">
   <element name="starbase" layername="timeline_0" frame="0" z_index="9" m_a="-0.087373" m_b="0.032518" m_c="-0.032677" m_d="-0.087799" m_tx="-0.399000" m_ty="-247.449005"/>
   <element name="starbase" layername="timeline_1" frame="0" z_index="10" m_a="0.126556" m_b="0.000000" m_c="0.000000" m_d="0.126556" m_tx="-0.399000" m_ty="-247.199005"/>
   <element name="base" layername="timeline_2" frame="0" z_index="11" m_a="0.124863" m_b="0.000000" m_c="0.000000" m_d="0.124863" m_tx="-0.649000" m_ty="-247.449005"/>
   <element name="shdw" layername="timeline_3" frame="0" z_index="12" m_a="0.547943" m_b="0.000000" m_c="0.000000" m_d="0.600006" m_tx="-0.149000" m_ty="3.400000"/>
  </frame>
  <frame idx="400" w="76" h="326" x="-15.686772" y="-274.999512">
   <element name="starbase" layername="timeline_0" frame="0" z_index="12" m_a="-0.087373" m_b="0.032518" m_c="-0.032677" m_d="-0.087799" m_tx="-0.399000" m_ty="-247.449005"/>
   <element name="starbase" layername="timeline_1" frame="0" z_index="12" m_a="0.126556" m_b="0.000000" m_c="0.000000" m_d="0.126556" m_tx="-0.399000" m_ty="-247.199005"/>
   <element name="base" layername="timeline_2" frame="0" z_index="12" m_a="0.124863" m_b="0.000000" m_c="0.000000" m_d="0.124863" m_tx="-0.649000" m_ty="-247.449005"/>
   <element name="shdw" layername="timeline_3" frame="0" z_index="12" m_a="0.547943" m_b="0.000000" m_c="0.000000" m_d="0.600006" m_tx="-0.149000" m_ty="3.400000"/>
  </frame>
 </anim>
 <anim name="idle_loop" root="skfxornateplate_glitter" numframes="1000" framerate="40">
  <frame idx="0" w="231" h="528" x="-20.098419" y="-292.203857">
   <element name="starbase" layername="timeline_0" frame="0" z_index="9" m_a="0.534104" m_b="0.470330" m_c="-0.470714" m_d="0.534541" m_tx="1.200000" m_ty="-247.899002"/>
   <element name="starbase" layername="timeline_1" frame="0" z_index="10" m_a="0.609024" m_b="0.000000" m_c="0.000000" m_d="0.609024" m_tx="1.200000" m_ty="-245.899002"/>
   <element name="base" layername="timeline_2" frame="0" z_index="11" m_a="1.000000" m_b="0.000000" m_c="0.000000" m_d="1.000000" m_tx="-0.599000" m_ty="-247.649002"/>
   <element name="shdw" layername="timeline_3" frame="0" z_index="12" m_a="1.405170" m_b="0.000000" m_c="0.000000" m_d="1.666670" m_tx="-0.149000" m_ty="3.400000"/>
  </frame>
  <frame idx="25" w="243" h="528" x="-30.732441" y="-291.895264">
   <element name="starbase" layername="timeline_0" frame="0" z_index="9" m_a="0.464426" m_b="0.539135" m_c="-0.538627" m_d="0.463989" m_tx="1.200000" m_ty="-247.899002"/>
   <element name="starbase" layername="timeline_1" frame="0" z_index="10" m_a="0.632934" m_b="0.000000" m_c="0.000000" m_d="0.632934" m_tx="1.200000" m_ty="-245.862228"/>
   <element name="base" layername="timeline_2" frame="0" z_index="11" m_a="0.999720" m_b="0.000000" m_c="0.000000" m_d="0.999720" m_tx="-0.599000" m_ty="-247.649002"/>
   <element name="shdw" layername="timeline_3" frame="0" z_index="12" m_a="1.395207" m_b="0.000000" m_c="0.000000" m_d="1.666648" m_tx="-0.149000" m_ty="3.400000"/>
  </frame>
  <frame idx="50" w="255" h="527" x="-42.143532" y="-291.648438">
   <element name="starbase" layername="timeline_0" frame="0" z_index="9" m_a="0.384649" m_b="0.599285" m_c="-0.597710" m_d="0.383639" m_tx="1.200000" m_ty="-247.874756"/>
   <element name="starbase" layername="timeline_1" frame="0" z_index="10" m_a="0.657299" m_b="0.000000" m_c="0.000000" m_d="0.657299" m_tx="1.200000" m_ty="-245.873245"/>
   <element name="base" layername="timeline_2" frame="0" z_index="11" m_a="0.999064" m_b="0.000000" m_c="0.000000" m_d="0.999064" m_tx="-0.599000" m_ty="-247.649002"/>
   <element name="shdw" layername="timeline_3" frame="0" z_index="12" m_a="1.385050" m_b="0.000000" m_c="0.000000" m_d="1.666640" m_tx="-0.149000" m_ty="3.400000"/>
  </frame>
  <frame idx="75" w="267" h="527" x="-53.279224" y="-291.648438">
   <element name="starbase" layername="timeline_0" frame="0" z_index="9" m_a="0.296196" m_b="0.648512" m_c="-0.645825" m_d="0.294968" m_tx="1.187879" m_ty="-247.848999"/>
   <element name="starbase" layername="timeline_1" frame="0" z_index="10" m_a="0.681925" m_b="0.000000" m_c="0.000000" m_d="0.681925" m_tx="1.200000" m_ty="-245.899002"/>
   <element name="base" layername="timeline_2" frame="0" z_index="11" m_a="0.998008" m_b="0.000000" m_c="0.000000" m_d="0.998008" m_tx="-0.599000" m_ty="-247.649002"/>
   <element name="shdw" layername="timeline_3" frame="0" z_index="12" m_a="1.374785" m_b="0.000000" m_c="0.000000" m_d="1.666640" m_tx="-0.149000" m_ty="3.400000"/>
  </frame>
  <frame idx="100" w="279" h="527" x="-63.844067" y="-291.648438">
   <element name="starbase" layername="timeline_0" frame="0" z_index="9" m_a="0.201297" m_b="0.684787" m_c="-0.681099" m_d="0.200213" m_tx="1.150000" m_ty="-247.848999"/>
   <element name="starbase" layername="timeline_1" frame="0" z_index="10" m_a="0.706558" m_b="0.000000" m_c="0.000000" m_d="0.706558" m_tx="1.200000" m_ty="-245.899002"/>
   <element name="base" layername="timeline_2" frame="0" z_index="11" m_a="0.996552" m_b="0.000000" m_c="0.000000" m_d="0.996552" m_tx="-0.599000" m_ty="-247.649002"/>
   <element name="shdw" layername="timeline_3" frame="0" z_index="12" m_a="1.364520" m_b="0.000000" m_c="0.000000" m_d="1.666640" m_tx="-0.149000" m_ty="3.400000"/>
  </frame>
  <frame idx="125" w="288" h="527" x="-72.811554" y="-291.648438">
   <element name="starbase" layername="timeline_0" frame="0" z_index="9" m_a="0.104738" m_b="0.706697" m_c="-0.702418" m_d="0.104104" m_tx="1.186765" m_ty="-247.885773"/>
   <element name="starbase" layername="timeline_1" frame="0" z_index="10" m_a="0.730468" m_b="0.000000" m_c="0.000000" m_d="0.730468" m_tx="1.200000" m_ty="-245.899002"/>
   <element name="base" layername="timeline_2" frame="0" z_index="11" m_a="0.994588" m_b="0.000000" m_c="0.000000" m_d="0.994588" m_tx="-0.599000" m_ty="-247.649002"/>
   <element name="shdw" layername="timeline_3" frame="0" z_index="12" m_a="1.354557" m_b="0.000000" m_c="0.000000" m_d="1.666640" m_tx="-0.149000" m_ty="3.400000"/>
  </frame>
  <frame idx="150" w="297" h="526" x="-81.413345" y="-291.691376">
   <element name="starbase" layername="timeline_0" frame="0" z_index="9" m_a="0.005129" m_b="0.714731" m_c="-0.710227" m_d="0.005097" m_tx="1.200000" m_ty="-247.899002"/>
   <element name="starbase" layername="timeline_1" frame="0" z_index="10" m_a="0.754840" m_b="0.000000" m_c="0.000000" m_d="0.754840" m_tx="1.200000" m_ty="-245.899002"/>
   <element name="base" layername="timeline_2" frame="0" z_index="11" m_a="0.992209" m_b="0.000000" m_c="0.000000" m_d="0.992209" m_tx="-0.599000" m_ty="-247.649002"/>
   <element name="shdw" layername="timeline_3" frame="0" z_index="12" m_a="1.344405" m_b="0.000000" m_c="0.000000" m_d="1.666640" m_tx="-0.149000" m_ty="3.400000"/>
  </frame>
  <frame idx="175" w="304" h="526" x="-88.461601" y="-291.737732">
   <element name="starbase" layername="timeline_0" frame="0" z_index="9" m_a="-0.095631" m_b="0.708295" m_c="-0.703979" m_d="-0.095048" m_tx="1.200000" m_ty="-247.899002"/>
   <element name="starbase" layername="timeline_1" frame="0" z_index="10" m_a="0.779470" m_b="0.000000" m_c="0.000000" m_d="0.779470" m_tx="1.200000" m_ty="-245.886887"/>
   <element name="base" layername="timeline_2" frame="0" z_index="11" m_a="0.989412" m_b="0.000000" m_c="0.000000" m_d="0.989412" m_tx="-0.599000" m_ty="-247.649002"/>
   <element name="shdw" layername="timeline_3" frame="0" z_index="12" m_a="1.334145" m_b="0.000000" m_c="0.000000" m_d="1.666640" m_tx="-0.149000" m_ty="3.400000"/>
  </frame>
  <frame idx="200" w="310" h="525" x="-94.269028" y="-291.758331">
   <element name="starbase" layername="timeline_0" frame="0" z_index="9" m_a="-0.195465" m_b="0.687052" m_c="-0.683323" m_d="-0.194405" m_tx="1.200000" m_ty="-247.899002"/>
   <element name="starbase" layername="timeline_1" frame="0" z_index="10" m_a="0.804092" m_b="0.000000" m_c="0.000000" m_d="0.804092" m_tx="1.200000" m_ty="-245.848999"/>
   <element name="base" layername="timeline_2" frame="0" z_index="11" m_a="0.986221" m_b="0.000000" m_c="0.000000" m_d="0.986221" m_tx="-0.599000" m_ty="-247.649002"/>
   <element name="shdw" layername="timeline_3" frame="0" z_index="12" m_a="1.323880" m_b="0.000000" m_c="0.000000" m_d="1.666640" m_tx="-0.149000" m_ty="3.400000"/>
  </frame>
  <frame idx="225" w="314" h="524" x="-98.597900" y="-291.851868">
   <element name="starbase" layername="timeline_0" frame="0" z_index="9" m_a="-0.288140" m_b="0.653026" m_c="-0.650248" m_d="-0.286914" m_tx="1.163235" m_ty="-247.899002"/>
   <element name="starbase" layername="timeline_1" frame="0" z_index="10" m_a="0.828002" m_b="0.000000" m_c="0.000000" m_d="0.828002" m_tx="1.200000" m_ty="-245.885773"/>
   <element name="base" layername="timeline_2" frame="0" z_index="11" m_a="0.982575" m_b="0.000000" m_c="0.000000" m_d="0.982575" m_tx="-0.599000" m_ty="-247.649002"/>
   <element name="shdw" layername="timeline_3" frame="0" z_index="12" m_a="1.313917" m_b="0.000000" m_c="0.000000" m_d="1.666640" m_tx="-0.149000" m_ty="3.400000"/>
  </frame>
  <frame idx="250" w="315" h="524" x="-100.981033" y="-291.922974">
   <element name="starbase" layername="timeline_0" frame="0" z_index="9" m_a="-0.376579" m_b="0.605677" m_c="-0.603977" m_d="-0.375522" m_tx="1.198485" m_ty="-247.899002"/>
   <element name="starbase" layername="timeline_1" frame="0" z_index="10" m_a="0.852374" m_b="0.000000" m_c="0.000000" m_d="0.852374" m_tx="1.200000" m_ty="-245.899002"/>
   <element name="base" layername="timeline_2" frame="0" z_index="11" m_a="0.978473" m_b="0.000000" m_c="0.000000" m_d="0.978473" m_tx="-0.599000" m_ty="-247.649002"/>
   <element name="shdw" layername="timeline_3" frame="0" z_index="12" m_a="1.303760" m_b="0.000000" m_c="0.000000" m_d="1.666640" m_tx="-0.149000" m_ty="3.400000"/>
  </frame>
  <frame idx="275" w="315" h="522" x="-101.847595" y="-291.481445">
   <element name="starbase" layername="timeline_0" frame="0" z_index="9" m_a="-0.458108" m_b="0.545873" m_c="-0.545258" m_d="-0.457591" m_tx="1.250000" m_ty="-247.899002"/>
   <element name="starbase" layername="timeline_1" frame="0" z_index="10" m_a="0.877008" m_b="0.000000" m_c="0.000000" m_d="0.877008" m_tx="1.200000" m_ty="-245.899002"/>
   <element name="base" layername="timeline_2" frame="0" z_index="11" m_a="0.973934" m_b="0.000000" m_c="0.000000" m_d="0.973934" m_tx="-0.599000" m_ty="-247.649002"/>
   <element name="shdw" layername="timeline_3" frame="0" z_index="12" m_a="1.293495" m_b="0.000000" m_c="0.000000" m_d="1.666640" m_tx="-0.149000" m_ty="3.400000"/>
  </frame>
  <frame idx="300" w="314" h="521" x="-101.216827" y="-291.539978">
   <element name="starbase" layername="timeline_0" frame="0" z_index="9" m_a="-0.530220" m_b="0.475305" m_c="-0.475644" m_d="-0.530598" m_tx="1.250000" m_ty="-247.899002"/>
   <element name="starbase" layername="timeline_1" frame="0" z_index="10" m_a="0.901642" m_b="0.000000" m_c="0.000000" m_d="0.901642" m_tx="1.200000" m_ty="-245.899002"/>
   <element name="base" layername="timeline_2" frame="0" z_index="11" m_a="0.969009" m_b="0.000000" m_c="0.000000" m_d="0.969009" m_tx="-0.599000" m_ty="-247.649002"/>
   <element name="shdw" layername="timeline_3" frame="0" z_index="12" m_a="1.283230" m_b="0.000000" m_c="0.000000" m_d="1.666640" m_tx="-0.149000" m_ty="3.400000"/>
  </frame>
  <frame idx="325" w="310" h="520" x="-98.640411" y="-291.596710">
   <element name="starbase" layername="timeline_0" frame="0" z_index="9" m_a="-0.590128" m_b="0.397844" m_c="-0.398793" m_d="-0.591536" m_tx="1.250000" m_ty="-247.899002"/>
   <element name="starbase" layername="timeline_1" frame="0" z_index="10" m_a="0.925540" m_b="0.000000" m_c="0.000000" m_d="0.925540" m_tx="1.200000" m_ty="-245.899002"/>
   <element name="base" layername="timeline_2" frame="0" z_index="11" m_a="0.963669" m_b="0.000000" m_c="0.000000" m_d="0.963669" m_tx="-0.599000" m_ty="-247.649002"/>
   <element name="shdw" layername="timeline_3" frame="0" z_index="12" m_a="1.273267" m_b="0.000000" m_c="0.000000" m_d="1.666640" m_tx="-0.149000" m_ty="3.400000"/>
  </frame>
  <frame idx="350" w="304" h="519" x="-94.630905" y="-291.630310">
   <element name="starbase" layername="timeline_0" frame="0" z_index="9" m_a="-0.640109" m_b="0.311389" m_c="-0.312607" m_d="-0.642613" m_tx="1.225758" m_ty="-247.899002"/>
   <element name="starbase" layername="timeline_1" frame="0" z_index="10" m_a="0.949909" m_b="0.000000" m_c="0.000000" m_d="0.949909" m_tx="1.200000" m_ty="-245.874756"/>
   <element name="base" layername="timeline_2" frame="0" z_index="11" m_a="0.957847" m_b="0.000000" m_c="0.000000" m_d="0.957847" m_tx="-0.599000" m_ty="-247.649002"/>
   <element name="shdw" layername="timeline_3" frame="0" z_index="12" m_a="1.263110" m_b="0.000000" m_c="0.000000" m_d="1.666640" m_tx="-0.149000" m_ty="3.400000"/>
  </frame>
  <frame idx="375" w="296" h="518" x="-87.897240" y="-291.675171">
   <element name="starbase" layername="timeline_0" frame="0" z_index="9" m_a="-0.684081" m_b="0.197148" m_c="-0.198187" m_d="-0.687684" m_tx="1.200000" m_ty="-247.911118"/>
   <element name="starbase" layername="timeline_1" frame="0" z_index="10" m_a="0.974543" m_b="0.000000" m_c="0.000000" m_d="0.974543" m_tx="1.200000" m_ty="-245.861115"/>
   <element name="base" layername="timeline_2" frame="0" z_index="11" m_a="0.951571" m_b="0.000000" m_c="0.000000" m_d="0.951571" m_tx="-0.599000" m_ty="-247.649002"/>
   <element name="shdw" layername="timeline_3" frame="0" z_index="12" m_a="1.252845" m_b="0.000000" m_c="0.000000" m_d="1.666640" m_tx="-0.161121" m_ty="3.400000"/>
  </frame>
  <frame idx="400" w="279" h="516" x="-74.668106" y="-291.271545">
   <element name="starbase" layername="timeline_0" frame="0" z_index="9" m_a="-0.710678" m_b="0.031464" m_c="-0.031666" m_d="-0.715253" m_tx="1.200000" m_ty="-247.949005"/>
   <element name="starbase" layername="timeline_1" frame="0" z_index="10" m_a="0.999176" m_b="0.000000" m_c="0.000000" m_d="0.999176" m_tx="1.200000" m_ty="-245.899002"/>
   <element name="base" layername="timeline_2" frame="0" z_index="11" m_a="0.944901" m_b="0.000000" m_c="0.000000" m_d="0.944901" m_tx="-0.599000" m_ty="-247.649002"/>
   <element name="shdw" layername="timeline_3" frame="0" z_index="12" m_a="1.242580" m_b="0.000000" m_c="0.000000" m_d="1.666640" m_tx="-0.199000" m_ty="3.400000"/>
  </frame>
  <frame idx="425" w="261" h="514" x="-59.194595" y="-291.328308">
   <element name="starbase" layername="timeline_0" frame="0" z_index="9" m_a="-0.699376" m_b="-0.129078" m_c="0.129825" m_d="-0.703423" m_tx="1.200000" m_ty="-247.949005"/>
   <element name="starbase" layername="timeline_1" frame="0" z_index="10" m_a="1.023083" m_b="0.000000" m_c="0.000000" m_d="1.023083" m_tx="1.200000" m_ty="-245.899002"/>
   <element name="base" layername="timeline_2" frame="0" z_index="11" m_a="0.937877" m_b="0.000000" m_c="0.000000" m_d="0.937877" m_tx="-0.599000" m_ty="-247.649002"/>
   <element name="shdw" layername="timeline_3" frame="0" z_index="12" m_a="1.232617" m_b="0.000000" m_c="0.000000" m_d="1.666640" m_tx="-0.199000" m_ty="3.400000"/>
  </frame>
  <frame idx="450" w="239" h="513" x="-40.922997" y="-291.386169">
   <element name="starbase" layername="timeline_0" frame="0" z_index="9" m_a="-0.651084" m_b="-0.286539" m_c="0.287726" m_d="-0.653779" m_tx="1.200000" m_ty="-247.924759"/>
   <element name="starbase" layername="timeline_1" frame="0" z_index="10" m_a="1.047448" m_b="0.000000" m_c="0.000000" m_d="1.047448" m_tx="1.200000" m_ty="-245.899002"/>
   <element name="base" layername="timeline_2" frame="0" z_index="11" m_a="0.930340" m_b="0.000000" m_c="0.000000" m_d="0.930340" m_tx="-0.599000" m_ty="-247.649002"/>
   <element name="shdw" layername="timeline_3" frame="0" z_index="12" m_a="1.222470" m_b="0.000000" m_c="0.000000" m_d="1.666640" m_tx="-0.199000" m_ty="3.400000"/>
  </frame>
  <frame idx="475" w="217" h="511" x="-21.824226" y="-291.444641">
   <element name="starbase" layername="timeline_0" frame="0" z_index="9" m_a="-0.567002" m_b="-0.430443" m_c="0.431171" m_d="-0.567962" m_tx="1.200000" m_ty="-247.899002"/>
   <element name="starbase" layername="timeline_1" frame="0" z_index="10" m_a="1.072074" m_b="0.000000" m_c="0.000000" m_d="1.072074" m_tx="1.200000" m_ty="-245.899002"/>
   <element name="base" layername="timeline_2" frame="0" z_index="11" m_a="0.922329" m_b="0.000000" m_c="0.000000" m_d="0.922329" m_tx="-0.599000" m_ty="-247.649002"/>
   <element name="shdw" layername="timeline_3" frame="0" z_index="12" m_a="1.212215" m_b="0.000000" m_c="0.000000" m_d="1.666640" m_tx="-0.199000" m_ty="3.400000"/>
  </frame>
  <frame idx="500" w="212" h="509" x="-19.033901" y="-291.003174">
   <element name="starbase" layername="timeline_0" frame="0" z_index="9" m_a="-0.452294" m_b="-0.550906" m_c="0.550212" m_d="-0.451725" m_tx="1.200000" m_ty="-247.899002"/>
   <element name="starbase" layername="timeline_1" frame="0" z_index="10" m_a="1.096710" m_b="0.000000" m_c="0.000000" m_d="1.096710" m_tx="1.200000" m_ty="-245.899002"/>
   <element name="base" layername="timeline_2" frame="0" z_index="11" m_a="0.913925" m_b="0.000000" m_c="0.000000" m_d="0.913925" m_tx="-0.599000" m_ty="-247.649002"/>
   <element name="shdw" layername="timeline_3" frame="0" z_index="12" m_a="1.201950" m_b="0.000000" m_c="0.000000" m_d="1.666640" m_tx="-0.199000" m_ty="3.400000"/>
  </frame>
  <frame idx="525" w="211" h="507" x="-18.926149" y="-290.946381">
   <element name="starbase" layername="timeline_0" frame="0" z_index="9" m_a="-0.316762" m_b="-0.639782" m_c="0.637353" m_d="-0.315559" m_tx="1.236765" m_ty="-247.862228"/>
   <element name="starbase" layername="timeline_1" frame="0" z_index="10" m_a="1.072798" m_b="0.000000" m_c="0.000000" m_d="1.072798" m_tx="1.200000" m_ty="-245.899002"/>
   <element name="base" layername="timeline_2" frame="0" z_index="11" m_a="0.905196" m_b="0.000000" m_c="0.000000" m_d="0.905196" m_tx="-0.599000" m_ty="-247.649002"/>
   <element name="shdw" layername="timeline_3" frame="0" z_index="12" m_a="1.191987" m_b="0.000000" m_c="0.000000" m_d="1.666640" m_tx="-0.199000" m_ty="3.400000"/>
  </frame>
  <frame idx="550" w="208" h="506" x="-18.248705" y="-291.421936">
   <element name="starbase" layername="timeline_0" frame="0" z_index="9" m_a="-0.160731" m_b="-0.696556" m_c="0.692727" m_d="-0.159847" m_tx="1.225758" m_ty="-247.873245"/>
   <element name="starbase" layername="timeline_1" frame="0" z_index="10" m_a="1.048432" m_b="0.000000" m_c="0.000000" m_d="1.048432" m_tx="1.200000" m_ty="-245.899002"/>
   <element name="base" layername="timeline_2" frame="0" z_index="11" m_a="0.895936" m_b="0.000000" m_c="0.000000" m_d="0.895936" m_tx="-0.599000" m_ty="-247.649002"/>
   <element name="shdw" layername="timeline_3" frame="0" z_index="12" m_a="1.181830" m_b="0.000000" m_c="0.000000" m_d="1.666655" m_tx="-0.174758" m_ty="3.400000"/>
  </frame>
  <frame idx="575" w="207" h="505" x="-18.098484" y="-291.867676">
   <element name="starbase" layername="timeline_0" frame="0" z_index="9" m_a="0.006011" m_b="-0.715248" m_c="0.710832" m_d="0.005973" m_tx="1.200000" m_ty="-247.886887"/>
   <element name="starbase" layername="timeline_1" frame="0" z_index="10" m_a="1.023808" m_b="0.000000" m_c="0.000000" m_d="1.023808" m_tx="1.200000" m_ty="-245.899002"/>
   <element name="base" layername="timeline_2" frame="0" z_index="11" m_a="0.891495" m_b="0.000000" m_c="0.000000" m_d="0.891495" m_tx="-0.599000" m_ty="-247.649002"/>
   <element name="shdw" layername="timeline_3" frame="0" z_index="12" m_a="1.179500" m_b="0.000000" m_c="0.000000" m_d="1.666663" m_tx="-0.136879" m_ty="3.400000"/>
  </frame>
  <frame idx="600" w="208" h="507" x="-18.098480" y="-292.176300">
   <element name="starbase" layername="timeline_0" frame="0" z_index="9" m_a="0.171324" m_b="-0.693888" m_c="0.689956" m_d="0.170353" m_tx="1.200000" m_ty="-247.848999"/>
   <element name="starbase" layername="timeline_1" frame="0" z_index="10" m_a="0.999176" m_b="0.000000" m_c="0.000000" m_d="0.999176" m_tx="1.200000" m_ty="-245.899002"/>
   <element name="base" layername="timeline_2" frame="0" z_index="11" m_a="0.897934" m_b="0.000000" m_c="0.000000" m_d="0.897934" m_tx="-0.599000" m_ty="-247.649002"/>
   <element name="shdw" layername="timeline_3" frame="0" z_index="12" m_a="1.194030" m_b="0.000000" m_c="0.000000" m_d="1.666640" m_tx="-0.099000" m_ty="3.400000"/>
  </frame>
  <frame idx="625" w="209" h="508" x="-18.098476" y="-292.418335">
   <element name="starbase" layername="timeline_0" frame="0" z_index="9" m_a="0.323358" m_b="-0.636103" m_c="0.633782" m_d="0.322179" m_tx="1.200000" m_ty="-247.848999"/>
   <element name="starbase" layername="timeline_1" frame="0" z_index="10" m_a="0.975267" m_b="0.000000" m_c="0.000000" m_d="0.975267" m_tx="1.200000" m_ty="-245.899002"/>
   <element name="base" layername="timeline_2" frame="0" z_index="11" m_a="0.904194" m_b="0.000000" m_c="0.000000" m_d="0.904194" m_tx="-0.599000" m_ty="-247.649002"/>
   <element name="shdw" layername="timeline_3" frame="0" z_index="12" m_a="1.208148" m_b="0.000000" m_c="0.000000" m_d="1.666640" m_tx="-0.099000" m_ty="3.400000"/>
  </frame>
  <frame idx="650" w="211" h="511" x="-18.598473" y="-293.081573">
   <element name="starbase" layername="timeline_0" frame="0" z_index="9" m_a="0.460426" m_b="-0.544351" m_c="0.543784" m_d="0.459946" m_tx="1.200000" m_ty="-247.873245"/>
   <element name="starbase" layername="timeline_1" frame="0" z_index="10" m_a="0.950902" m_b="0.000000" m_c="0.000000" m_d="0.950902" m_tx="1.200000" m_ty="-245.874756"/>
   <element name="base" layername="timeline_2" frame="0" z_index="11" m_a="0.910569" m_b="0.000000" m_c="0.000000" m_d="0.910569" m_tx="-0.599000" m_ty="-247.649002"/>
   <element name="shdw" layername="timeline_3" frame="0" z_index="12" m_a="1.222544" m_b="0.000000" m_c="0.000000" m_d="1.666640" m_tx="-0.099000" m_ty="3.400000"/>
  </frame>
  <frame idx="675" w="213" h="512" x="-18.598469" y="-293.134033">
   <element name="starbase" layername="timeline_0" frame="0" z_index="9" m_a="0.555693" m_b="-0.445615" m_c="0.446228" m_d="0.556457" m_tx="1.200000" m_ty="-247.899002"/>
   <element name="starbase" layername="timeline_1" frame="0" z_index="10" m_a="0.926275" m_b="0.000000" m_c="0.000000" m_d="0.926275" m_tx="1.187879" m_ty="-245.848999"/>
   <element name="base" layername="timeline_2" frame="0" z_index="11" m_a="0.917012" m_b="0.000000" m_c="0.000000" m_d="0.917012" m_tx="-0.599000" m_ty="-247.636887"/>
   <element name="shdw" layername="timeline_3" frame="0" z_index="12" m_a="1.237090" m_b="0.000000" m_c="0.000000" m_d="1.666640" m_tx="-0.099000" m_ty="3.400000"/>
  </frame>
  <frame idx="700" w="214" h="513" x="-18.598465" y="-293.110596">
   <element name="starbase" layername="timeline_0" frame="0" z_index="9" m_a="0.598489" m_b="-0.383648" m_c="0.384682" m_d="0.600102" m_tx="1.200000" m_ty="-247.899002"/>
   <element name="starbase" layername="timeline_1" frame="0" z_index="10" m_a="0.901642" m_b="0.000000" m_c="0.000000" m_d="0.901642" m_tx="1.150000" m_ty="-245.848999"/>
   <element name="base" layername="timeline_2" frame="0" z_index="11" m_a="0.923462" m_b="0.000000" m_c="0.000000" m_d="0.923462" m_tx="-0.599000" m_ty="-247.598999"/>
   <element name="shdw" layername="timeline_3" frame="0" z_index="12" m_a="1.251620" m_b="0.000000" m_c="0.000000" m_d="1.666640" m_tx="-0.099000" m_ty="3.400000"/>
  </frame>
  <frame idx="725" w="215" h="515" x="-18.598461" y="-293.104126">
   <element name="starbase" layername="timeline_0" frame="0" z_index="9" m_a="0.634319" m_b="-0.320119" m_c="0.321338" m_d="0.636734" m_tx="1.200000" m_ty="-247.935776"/>
   <element name="starbase" layername="timeline_1" frame="0" z_index="10" m_a="0.877732" m_b="0.000000" m_c="0.000000" m_d="0.877732" m_tx="1.150000" m_ty="-245.848999"/>
   <element name="base" layername="timeline_2" frame="0" z_index="11" m_a="0.929711" m_b="0.000000" m_c="0.000000" m_d="0.929711" m_tx="-0.599000" m_ty="-247.598999"/>
   <element name="shdw" layername="timeline_3" frame="0" z_index="12" m_a="1.265723" m_b="0.000000" m_c="0.000000" m_d="1.666640" m_tx="-0.099000" m_ty="3.400000"/>
  </frame>
  <frame idx="750" w="217" h="516" x="-19.098457" y="-293.001343">
   <element name="starbase" layername="timeline_0" frame="0" z_index="9" m_a="0.664070" m_b="-0.251871" m_c="0.253074" m_d="0.667241" m_tx="1.200000" m_ty="-247.900513"/>
   <element name="starbase" layername="timeline_1" frame="0" z_index="10" m_a="0.853360" m_b="0.000000" m_c="0.000000" m_d="0.853360" m_tx="1.174242" m_ty="-245.873245"/>
   <element name="base" layername="timeline_2" frame="0" z_index="11" m_a="0.936082" m_b="0.000000" m_c="0.000000" m_d="0.936082" m_tx="-0.599000" m_ty="-247.598999"/>
   <element name="shdw" layername="timeline_3" frame="0" z_index="12" m_a="1.280104" m_b="0.000000" m_c="0.000000" m_d="1.666640" m_tx="-0.099000" m_ty="3.400000"/>
  </frame>
  <frame idx="775" w="218" h="518" x="-19.098454" y="-293.358124">
   <element name="starbase" layername="timeline_0" frame="0" z_index="9" m_a="0.686832" m_b="-0.180035" m_c="0.181037" m_d="0.690654" m_tx="1.200000" m_ty="-247.848999"/>
   <element name="starbase" layername="timeline_1" frame="0" z_index="10" m_a="0.828726" m_b="0.000000" m_c="0.000000" m_d="0.828726" m_tx="1.200000" m_ty="-245.899002"/>
   <element name="base" layername="timeline_2" frame="0" z_index="11" m_a="0.942524" m_b="0.000000" m_c="0.000000" m_d="0.942524" m_tx="-0.599000" m_ty="-247.598999"/>
   <element name="shdw" layername="timeline_3" frame="0" z_index="12" m_a="1.294644" m_b="0.000000" m_c="0.000000" m_d="1.666640" m_tx="-0.099000" m_ty="3.400000"/>
  </frame>
  <frame idx="800" w="220" h="519" x="-19.098450" y="-293.243591">
   <element name="starbase" layername="timeline_0" frame="0" z_index="9" m_a="0.701954" m_b="-0.106096" m_c="0.106748" m_d="0.706272" m_tx="1.200000" m_ty="-247.848999"/>
   <element name="starbase" layername="timeline_1" frame="0" z_index="10" m_a="0.804092" m_b="0.000000" m_c="0.000000" m_d="0.804092" m_tx="1.200000" m_ty="-245.899002"/>
   <element name="base" layername="timeline_2" frame="0" z_index="11" m_a="0.948975" m_b="0.000000" m_c="0.000000" m_d="0.948975" m_tx="-0.599000" m_ty="-247.598999"/>
   <element name="shdw" layername="timeline_3" frame="0" z_index="12" m_a="1.309190" m_b="0.000000" m_c="0.000000" m_d="1.666640" m_tx="-0.099000" m_ty="3.400000"/>
  </frame>
  <frame idx="825" w="221" h="520" x="-19.098446" y="-293.148438">
   <element name="starbase" layername="timeline_0" frame="0" z_index="9" m_a="0.709213" m_b="-0.033128" m_c="0.033339" m_d="0.713730" m_tx="1.200000" m_ty="-247.885773"/>
   <element name="starbase" layername="timeline_1" frame="0" z_index="10" m_a="0.780194" m_b="0.000000" m_c="0.000000" m_d="0.780194" m_tx="1.200000" m_ty="-245.899002"/>
   <element name="base" layername="timeline_2" frame="0" z_index="11" m_a="0.955235" m_b="0.000000" m_c="0.000000" m_d="0.955235" m_tx="-0.599000" m_ty="-247.598999"/>
   <element name="shdw" layername="timeline_3" frame="0" z_index="12" m_a="1.323315" m_b="0.000000" m_c="0.000000" m_d="1.666640" m_tx="-0.099000" m_ty="3.400000"/>
  </frame>
  <frame idx="850" w="223" h="521" x="-19.598442" y="-293.009460">
   <element name="starbase" layername="timeline_0" frame="0" z_index="9" m_a="0.708676" m_b="0.040482" m_c="-0.040739" m_d="0.713177" m_tx="1.200000" m_ty="-247.899002"/>
   <element name="starbase" layername="timeline_1" frame="0" z_index="10" m_a="0.755826" m_b="0.000000" m_c="0.000000" m_d="0.755826" m_tx="1.200000" m_ty="-245.899002"/>
   <element name="base" layername="timeline_2" frame="0" z_index="11" m_a="0.961602" m_b="0.000000" m_c="0.000000" m_d="0.961602" m_tx="-0.599000" m_ty="-247.598999"/>
   <element name="shdw" layername="timeline_3" frame="0" z_index="12" m_a="1.337709" m_b="0.000000" m_c="0.000000" m_d="1.666640" m_tx="-0.099000" m_ty="3.400000"/>
  </frame>
  <frame idx="875" w="224" h="522" x="-19.598438" y="-292.825562">
   <element name="starbase" layername="timeline_0" frame="0" z_index="9" m_a="0.700329" m_b="0.114308" m_c="-0.115003" m_d="0.704591" m_tx="1.200000" m_ty="-247.886887"/>
   <element name="starbase" layername="timeline_1" frame="0" z_index="10" m_a="0.731192" m_b="0.000000" m_c="0.000000" m_d="0.731192" m_tx="1.200000" m_ty="-245.899002"/>
   <element name="base" layername="timeline_2" frame="0" z_index="11" m_a="0.968037" m_b="0.000000" m_c="0.000000" m_d="0.968037" m_tx="-0.599000" m_ty="-247.598999"/>
   <element name="shdw" layername="timeline_3" frame="0" z_index="12" m_a="1.352245" m_b="0.000000" m_c="0.000000" m_d="1.666640" m_tx="-0.099000" m_ty="3.400000"/>
  </frame>
  <frame idx="900" w="226" h="524" x="-19.598434" y="-293.097015">
   <element name="starbase" layername="timeline_0" frame="0" z_index="9" m_a="0.684095" m_b="0.187969" m_c="-0.189016" m_d="0.687905" m_tx="1.200000" m_ty="-247.848999"/>
   <element name="starbase" layername="timeline_1" frame="0" z_index="10" m_a="0.706558" m_b="0.000000" m_c="0.000000" m_d="0.706558" m_tx="1.200000" m_ty="-245.899002"/>
   <element name="base" layername="timeline_2" frame="0" z_index="11" m_a="0.974487" m_b="0.000000" m_c="0.000000" m_d="0.974487" m_tx="-0.599000" m_ty="-247.598999"/>
   <element name="shdw" layername="timeline_3" frame="0" z_index="12" m_a="1.366760" m_b="0.000000" m_c="0.000000" m_d="1.666640" m_tx="-0.099000" m_ty="3.400000"/>
  </frame>
  <frame idx="925" w="227" h="525" x="-19.598431" y="-292.898712">
   <element name="starbase" layername="timeline_0" frame="0" z_index="9" m_a="0.661128" m_b="0.257314" m_c="-0.258538" m_d="0.664273" m_tx="1.200000" m_ty="-247.848999"/>
   <element name="starbase" layername="timeline_1" frame="0" z_index="10" m_a="0.682649" m_b="0.000000" m_c="0.000000" m_d="0.682649" m_tx="1.200000" m_ty="-245.899002"/>
   <element name="base" layername="timeline_2" frame="0" z_index="11" m_a="0.980736" m_b="0.000000" m_c="0.000000" m_d="0.980736" m_tx="-0.599000" m_ty="-247.635773"/>
   <element name="shdw" layername="timeline_3" frame="0" z_index="12" m_a="1.380878" m_b="0.000000" m_c="0.000000" m_d="1.666640" m_tx="-0.135765" m_ty="3.400000"/>
  </frame>
  <frame idx="950" w="229" h="526" x="-20.098427" y="-292.709717">
   <element name="starbase" layername="timeline_0" frame="0" z_index="9" m_a="0.630658" m_b="0.325106" m_c="-0.326320" m_d="0.633013" m_tx="1.175758" m_ty="-247.873245"/>
   <element name="starbase" layername="timeline_1" frame="0" z_index="10" m_a="0.658291" m_b="0.000000" m_c="0.000000" m_d="0.658291" m_tx="1.200000" m_ty="-245.874756"/>
   <element name="base" layername="timeline_2" frame="0" z_index="11" m_a="0.987114" m_b="0.000000" m_c="0.000000" m_d="0.987114" m_tx="-0.599000" m_ty="-247.649002"/>
   <element name="shdw" layername="timeline_3" frame="0" z_index="12" m_a="1.395274" m_b="0.000000" m_c="0.000000" m_d="1.666655" m_tx="-0.149000" m_ty="3.400000"/>
  </frame>
  <frame idx="975" w="230" h="527" x="-20.098425" y="-292.583618">
   <element name="starbase" layername="timeline_0" frame="0" z_index="9" m_a="0.605735" m_b="0.369655" m_c="-0.370749" m_d="0.607527" m_tx="1.150000" m_ty="-247.899002"/>
   <element name="starbase" layername="timeline_1" frame="0" z_index="10" m_a="0.641556" m_b="0.000000" m_c="0.000000" m_d="0.641556" m_tx="1.200000" m_ty="-245.848999"/>
   <element name="base" layername="timeline_2" frame="0" z_index="11" m_a="0.991501" m_b="0.000000" m_c="0.000000" m_d="0.991501" m_tx="-0.599000" m_ty="-247.649002"/>
   <element name="shdw" layername="timeline_3" frame="0" z_index="12" m_a="1.405170" m_b="0.000000" m_c="0.000000" m_d="1.666670" m_tx="-0.149000" m_ty="3.400000"/>
  </frame>
 </anim>
</Anims>
