<Anims>
 <anim name="idle" root="skfxdropspark_attack" numframes="100" framerate="40">
  <frame idx="0" w="77" h="115" x="-4.500000" y="-39.000000">
   <element name="skfxdropspark_attack" layername="timeline_0" frame="0" z_index="1" m_a="1.000000" m_b="0.000000" m_c="0.000000" m_d="1.000000" m_tx="2.000000" m_ty="-29.000000"/>
  </frame>
  <frame idx="25" w="81" h="115" x="-5.000000" y="-39.000000">
   <element name="skfxdropspark_attack" layername="timeline_0" frame="0" z_index="1" m_a="1.040659" m_b="0.000000" m_c="0.000000" m_d="1.000000" m_tx="2.000000" m_ty="-29.000000"/>
  </frame>
  <frame idx="50" w="104" h="115" x="-7.000000" y="-39.000000">
   <element name="skfxdropspark_attack" layername="timeline_0" frame="0" z_index="1" m_a="1.333333" m_b="0.000000" m_c="0.000000" m_d="1.000000" m_tx="2.000000" m_ty="-29.000000"/>
  </frame>
  <frame idx="75" w="95" h="115" x="-6.000000" y="-39.000000">
   <element name="skfxdropspark_attack" layername="timeline_0" frame="0" z_index="1" m_a="1.232347" m_b="0.000000" m_c="0.000000" m_d="1.000000" m_tx="2.000000" m_ty="-29.000000"/>
  </frame>
 </anim>
</Anims>
