<Anims>
 <anim name="anim" root="BUILD_PLAYER" numframes="100" framerate="40">
  <frame idx="0" w="360" h="352" x="0.000000" y="0.000000">
   <element name="ghost_eyes" layername="timeline_0" frame="0" z_index="1" m_a="0.999420" m_b="-0.030792" m_c="0.030792" m_d="0.999420" m_tx="2.841192" m_ty="-330.913757"/>
   <element name="ghost_tail" layername="timeline_1" frame="0" z_index="2" m_a="1.000000" m_b="0.000000" m_c="0.000000" m_d="1.000000" m_tx="7.925591" m_ty="-302.524078"/>
   <element name="ghost_FX" layername="timeline_2" frame="7" z_index="2" m_a="1.000000" m_b="0.000000" m_c="0.000000" m_d="1.000000" m_tx="11.950404" m_ty="-316.898132"/>
   <element name="ghost_body" layername="timeline_3" frame="0" z_index="2" m_a="0.958617" m_b="0.041284" m_c="-0.040481" m_d="0.939967" m_tx="-1.243771" m_ty="-258.300079"/>
  </frame>
  <frame idx="25" w="360" h="352" x="0.000000" y="0.000000">
   <element name="ghost_eyes" layername="timeline_0" frame="0" z_index="1" m_a="0.955623" m_b="-0.035785" m_c="0.043367" m_d="1.158072" m_tx="9.879095" m_ty="-313.786072"/>
   <element name="ghost_tail" layername="timeline_1" frame="0" z_index="2" m_a="1.000000" m_b="0.000000" m_c="0.000000" m_d="1.000000" m_tx="7.925591" m_ty="-302.524078"/>
   <element name="ghost_FX" layername="timeline_2" frame="7" z_index="2" m_a="1.000000" m_b="0.000000" m_c="0.000000" m_d="1.000000" m_tx="11.950404" m_ty="-316.898132"/>
   <element name="ghost_body" layername="timeline_3" frame="0" z_index="2" m_a="0.958617" m_b="0.041284" m_c="-0.040481" m_d="0.939967" m_tx="-1.243771" m_ty="-258.300079"/>
  </frame>
  <frame idx="50" w="360" h="352" x="0.000000" y="0.000000">
   <element name="ghost_eyes" layername="timeline_0" frame="0" z_index="1" m_a="-1.040898" m_b="-0.077424" m_c="0.089100" m_d="-1.197863" m_tx="34.053040" m_ty="-435.140900"/>
   <element name="ghost_tail" layername="timeline_1" frame="0" z_index="2" m_a="1.000000" m_b="0.000000" m_c="0.000000" m_d="1.000000" m_tx="7.925591" m_ty="-302.524078"/>
   <element name="ghost_FX" layername="timeline_2" frame="7" z_index="2" m_a="1.000000" m_b="0.000000" m_c="0.000000" m_d="1.000000" m_tx="11.950404" m_ty="-316.898132"/>
   <element name="ghost_body" layername="timeline_3" frame="0" z_index="2" m_a="0.958617" m_b="0.041284" m_c="-0.040481" m_d="0.939967" m_tx="-1.243771" m_ty="-258.300079"/>
  </frame>
  <frame idx="75" w="360" h="352" x="0.000000" y="0.000000">
   <element name="ghost_eyes" layername="timeline_0" frame="0" z_index="1" m_a="1.153399" m_b="-0.001053" m_c="0.001082" m_d="1.185290" m_tx="21.553434" m_ty="-221.655960"/>
   <element name="ghost_tail" layername="timeline_1" frame="0" z_index="2" m_a="1.000000" m_b="0.000000" m_c="0.000000" m_d="1.000000" m_tx="7.925591" m_ty="-302.524078"/>
   <element name="ghost_FX" layername="timeline_2" frame="7" z_index="2" m_a="1.000000" m_b="0.000000" m_c="0.000000" m_d="1.000000" m_tx="11.950404" m_ty="-316.898132"/>
   <element name="ghost_body" layername="timeline_3" frame="0" z_index="2" m_a="0.958617" m_b="0.041284" m_c="-0.040481" m_d="0.939967" m_tx="-1.243771" m_ty="-258.300079"/>
  </frame>
 </anim>
</Anims>
